{"_wandb":{"runtime":1786},"_step":15,"loss":0.19039909541606903,"final_loss":0.19039909541606903,"batch_size":2,"_runtime":1786,"epoch":14,"learning_rate":1.0601228492740393e-08,"_timestamp":1.7545077896266093e+09}