{"learning_rate":0.00022,"_timestamp":1.7541706815370843e+09,"batch_size":2,"epoch":14,"_runtime":22260,"final_loss":0.24377045035362244,"_step":15,"loss":0.24377045035362244,"_wandb":{"runtime":22260}}