{"_wandb":{"runtime":1103},"_runtime":1103,"_timestamp":1.754541164841192e+09,"batch_size":18,"epoch":6,"loss":0.2649204730987549,"final_loss":0.2649204730987549,"_step":7,"learning_rate":1.2715744126661805e-08}