{"_step":10,"epoch":9,"_wandb":{"runtime":226},"batch_size":2,"_runtime":226,"_timestamp":1.7545138006356957e+09,"loss":0.28131386637687683,"learning_rate":1.170237226792916e-08,"final_loss":0.28131386637687683}