{"_timestamp":1.754513058536911e+09,"_wandb":{"runtime":177},"_runtime":177,"learning_rate":1.4881299636730003e-08,"loss":0.3203883469104767,"final_loss":0.3203883469104767,"epoch":9,"batch_size":2,"_step":10}