{"_runtime":1215,"loss":0.20225889980793,"batch_size":2,"epoch":14,"_wandb":{"runtime":1215},"_timestamp":1.7541228949572828e+09,"final_loss":0.20225889980793,"_step":15,"learning_rate":0.002398893301956088}