{"_runtime":1201,"epoch":14,"final_loss":0.23159658908843994,"_wandb":{"runtime":1201},"batch_size":2,"loss":0.23159658908843994,"_timestamp":1.7541240997183285e+09,"learning_rate":0.0002961464866710893,"_step":15}