{"epoch":14,"_wandb":{"runtime":1531},"_runtime":1531,"learning_rate":1.2211124909045208e-08,"final_loss":0.3297380805015564,"_timestamp":1.754504892818358e+09,"batch_size":2,"loss":0.3297380805015564,"_step":15}