{"_timestamp":1.7541108019618702e+09,"learning_rate":0.0001706562517297845,"_step":15,"loss":0.2449301779270172,"batch_size":2,"_runtime":1207,"_wandb":{"runtime":1207},"final_loss":0.2449301779270172,"epoch":14}