{"epoch":14,"loss":0.19892112910747528,"batch_size":2,"learning_rate":1.5598373581363887e-08,"_timestamp":1.75450024393949e+09,"_wandb":{"runtime":414},"final_loss":0.19892112910747528,"_runtime":414,"_step":15}