{"_step":7,"loss":0.25089114904403687,"final_loss":0.25089114904403687,"_wandb":{"runtime":1682},"batch_size":18,"_runtime":1682,"epoch":6,"_timestamp":1.7545534902040143e+09,"learning_rate":1.76891433368292e-08}