{"_step":15,"batch_size":2,"final_loss":0.22329601645469666,"_runtime":1195,"epoch":14,"_timestamp":1.754113225132004e+09,"_wandb":{"runtime":1195},"loss":0.22329601645469666,"learning_rate":0.0004931168400394454}