{"loss":0.18193630874156952,"final_loss":0.18193630874156952,"_runtime":1208,"batch_size":2,"learning_rate":0.0003772971529800466,"_step":15,"epoch":14,"_timestamp":1.7541216754250636e+09,"_wandb":{"runtime":1208}}