{"final_loss":0.18378324806690216,"epoch":14,"learning_rate":0.0007629159899094961,"_wandb":{"runtime":1191},"_runtime":1191,"_step":15,"batch_size":2,"_timestamp":1.7541144192439232e+09,"loss":0.18378324806690216}