{"_runtime":300,"epoch":14,"_wandb":{"runtime":300},"learning_rate":1.2572936959212271e-08,"final_loss":0.22562724351882935,"loss":0.22562724351882935,"batch_size":2,"_step":15,"_timestamp":1.7545020584814866e+09}