{"loss":0.29324451088905334,"_timestamp":1.7545014237995455e+09,"_wandb":{"runtime":418},"_runtime":418,"batch_size":2,"learning_rate":1.5075615027644692e-08,"_step":15,"final_loss":0.29324451088905334,"epoch":14}