{"_runtime":281,"_wandb":{"runtime":281},"final_loss":0.2935609817504883,"loss":0.2935609817504883,"learning_rate":1.4971220439150766e-08,"batch_size":2,"epoch":14,"_step":15,"_timestamp":1.7545023441217868e+09}