{"batch_size":2,"learning_rate":1.608546468062883e-08,"_runtime":184,"loss":0.2318032681941986,"_timestamp":1.7545126585189068e+09,"final_loss":0.2318032681941986,"_wandb":{"runtime":184},"epoch":9,"_step":10}