{"batch_size":18,"learning_rate":1.1267973693195904e-08,"epoch":6,"loss":0.2841046154499054,"_step":7,"_wandb":{"runtime":3044},"final_loss":0.2841046154499054,"_runtime":3044,"_timestamp":1.7545400542904816e+09}