{"final_loss":0.2115095555782318,"_step":10,"_wandb":{"runtime":266},"learning_rate":1.0676726655904046e-08,"_timestamp":1.7545135693655245e+09,"epoch":9,"loss":0.2115095555782318,"_runtime":266,"batch_size":2}