{"learning_rate":1.7720702876724792e-08,"_timestamp":1.75454534706139e+09,"_runtime":3008,"batch_size":18,"_wandb":{"runtime":3008},"_step":7,"epoch":6,"final_loss":1.1969012022018433,"loss":1.1969012022018433}