{"_step":10,"_timestamp":1.7545132504805655e+09,"loss":0.3209182620048523,"batch_size":2,"final_loss":0.3209182620048523,"learning_rate":1.851368155878117e-08,"_runtime":188,"_wandb":{"runtime":188},"epoch":9}