{"final_loss":0.3346535861492157,"_wandb":{"runtime":1667},"_runtime":1667,"epoch":6,"_timestamp":1.754555170340039e+09,"batch_size":18,"learning_rate":1.9222494310745452e-08,"_step":7,"loss":0.3346535861492157}