{"_timestamp":1.7545470625092373e+09,"final_loss":0.2584052085876465,"batch_size":18,"_wandb":{"runtime":1711},"epoch":6,"loss":0.2584052085876465,"_step":7,"learning_rate":1.8180652742558035e-08,"_runtime":1711}