{"final_loss":0.27349787950515747,"_step":15,"batch_size":2,"_wandb":{"runtime":1211},"_timestamp":1.7541120179334185e+09,"_runtime":1211,"loss":0.27349787950515747,"epoch":14,"learning_rate":0.0018482658991095904}