{"loss":1.969564437866211,"_timestamp":1.7545518040428782e+09,"_runtime":3032,"epoch":6,"final_loss":1.969564437866211,"_step":7,"batch_size":18,"learning_rate":1.223404338583871e-08,"_wandb":{"runtime":3032}}