{"learning_rate":0.00022,"_timestamp":1.7541484150501254e+09,"epoch":14,"final_loss":0.241230770945549,"loss":0.241230770945549,"_runtime":328,"_step":15,"batch_size":2,"_wandb":{"runtime":328}}