{"_wandb":{"runtime":334},"final_loss":15.369771957397461,"_step":15,"_timestamp":1.7545110242628767e+09,"loss":15.369771957397461,"_runtime":334,"learning_rate":1.3427734375e-08,"batch_size":2,"epoch":14}