{"final_loss":0.32263869047164917,"loss":0.32263869047164917,"_step":15,"epoch":14,"learning_rate":1.0915268659434103e-08,"_timestamp":1.7545026307772987e+09,"batch_size":2,"_wandb":{"runtime":282},"_runtime":282}