{"batch_size":2,"learning_rate":0.00022,"_step":15,"epoch":14,"_wandb":{"runtime":611},"_timestamp":1.7541730325811799e+09,"loss":0.21621721982955933,"final_loss":0.21621721982955933,"_runtime":611}