{"batch_size":18,"learning_rate":1.6355625581153035e-08,"_timestamp":1.754558560041721e+09,"final_loss":0.5902238488197327,"_wandb":{"runtime":1593},"_runtime":1593,"epoch":6,"loss":0.5902238488197327,"_step":7}