{"epoch":6,"_timestamp":1.7545569618962767e+09,"_wandb":{"runtime":871},"loss":0.2720741629600525,"_runtime":871,"_step":7,"learning_rate":1.6296418796074813e-08,"final_loss":0.2720741629600525,"batch_size":18}