{"_runtime":1204,"_step":15,"learning_rate":0.0002189525766118772,"batch_size":2,"final_loss":0.26098155975341797,"_wandb":{"runtime":1204},"_timestamp":1.7541168373250527e+09,"epoch":14,"loss":0.26098155975341797}