{"_timestamp":1.7545029109387317e+09,"_wandb":{"runtime":273},"_step":15,"batch_size":2,"final_loss":0.6243646740913391,"epoch":14,"_runtime":273,"loss":0.6243646740913391,"learning_rate":1.0447721050347e-08}