{"_step":15,"epoch":14,"learning_rate":0.00010921538451920291,"final_loss":0.2442922592163086,"_wandb":{"runtime":1214},"_runtime":1214,"loss":0.2442922592163086,"batch_size":2,"_timestamp":1.7541071884215138e+09}