{"_runtime":1194,"_timestamp":1.7541095907901394e+09,"final_loss":1.222947120666504,"_step":15,"batch_size":2,"_wandb":{"runtime":1194},"learning_rate":0.00015331945519769116,"epoch":14,"loss":1.222947120666504}