{"_step":15,"batch_size":2,"_timestamp":1.7545055192838697e+09,"learning_rate":1.0194371595812513e-08,"_runtime":617,"loss":0.21502162516117096,"final_loss":0.21502162516117096,"_wandb":{"runtime":617},"epoch":14}