{"_runtime":1190,"_wandb":{"runtime":1190},"batch_size":2,"_timestamp":1.7541724096639407e+09,"_step":15,"epoch":14,"learning_rate":0.00022,"final_loss":0.1873023957014084,"loss":0.1873023957014084}