{"_timestamp":1.754171216971061e+09,"epoch":14,"learning_rate":0.00022,"final_loss":0.2539583742618561,"loss":0.2539583742618561,"batch_size":2,"_wandb":{"runtime":530},"_runtime":530,"_step":15}