{"learning_rate":1.3427734375e-08,"batch_size":2,"_wandb":{"runtime":590},"_timestamp":1.754511619033355e+09,"loss":0.21376453340053558,"final_loss":0.21376453340053558,"epoch":14,"_runtime":590,"_step":15}