{"final_loss":0.5336934328079224,"batch_size":18,"epoch":6,"_wandb":{"runtime":906},"loss":0.5336934328079224,"learning_rate":1.4080666448561406e-08,"_runtime":906,"_step":7,"_timestamp":1.7545560845390587e+09}