{"_wandb":{"runtime":1200},"batch_size":2,"_runtime":1200,"epoch":14,"final_loss":0.14655612409114838,"_step":15,"loss":0.14655612409114838,"learning_rate":0.00021803520375087508,"_timestamp":1.7541192560518389e+09}