{"learning_rate":1.1753704040941333e-08,"_step":15,"_wandb":{"runtime":430},"_runtime":430,"batch_size":2,"loss":0.3341144919395447,"final_loss":0.3341144919395447,"epoch":14,"_timestamp":1.754500681723185e+09}