{"_step":15,"_timestamp":1.7541204633420494e+09,"_runtime":1204,"epoch":14,"final_loss":0.25293880701065063,"learning_rate":0.00447095258309187,"loss":0.25293880701065063,"batch_size":2,"_wandb":{"runtime":1204}}