{"_runtime":4294,"final_loss":0.2444821000099182,"loss":0.2444821000099182,"_timestamp":1.754177330747282e+09,"_step":15,"epoch":14,"batch_size":2,"learning_rate":0.00022,"_wandb":{"runtime":4294}}