{"final_loss":0.2872048318386078,"_step":10,"epoch":9,"batch_size":2,"_wandb":{"runtime":182},"_runtime":182,"_timestamp":1.7545128753240476e+09,"loss":0.2872048318386078,"learning_rate":1.4859618475220827e-08}