{"loss":0.2535317540168762,"epoch":9,"_wandb":{"runtime":254},"learning_rate":1.669796803666797e-08,"_timestamp":1.754518430541904e+09,"_runtime":254,"final_loss":0.2535317540168762,"batch_size":18,"_step":10}