{"batch_size":18,"learning_rate":1.278989841699144e-08,"loss":0.2716144919395447,"final_loss":0.2716144919395447,"_timestamp":1.754548766008185e+09,"_step":7,"_runtime":1697,"_wandb":{"runtime":1697},"epoch":6}