{"_wandb":{"runtime":332},"_timestamp":1.7545106826194186e+09,"final_loss":0.1989651322364807,"_runtime":332,"loss":0.1989651322364807,"_step":15,"learning_rate":1.3427734375e-08,"epoch":14,"batch_size":2}