{"_step":15,"final_loss":0.16562606394290924,"_wandb":{"runtime":307},"learning_rate":1.490676133567656e-08,"batch_size":2,"loss":0.16562606394290924,"_runtime":307,"_timestamp":1.754501752447278e+09,"epoch":14}