{"batch_size":2,"learning_rate":1.7302300746910213e-08,"_wandb":{"runtime":474},"_timestamp":1.7545059999352827e+09,"_runtime":474,"_step":15,"final_loss":0.24599714577198029,"epoch":14,"loss":0.24599714577198029}