{"_wandb":{"runtime":557},"epoch":14,"loss":0.30295687913894653,"learning_rate":1.0548116674376628e-08,"_step":15,"batch_size":2,"_runtime":557,"_timestamp":1.7545083498219776e+09,"final_loss":0.30295687913894653}