{"final_loss":0.2506502568721771,"_step":15,"epoch":14,"_runtime":1206,"batch_size":2,"learning_rate":0.006565468826806226,"_wandb":{"runtime":1206},"loss":0.2506502568721771,"_timestamp":1.7541180491501973e+09}