{"_runtime":310,"learning_rate":1.3427734375e-08,"_wandb":{"runtime":310},"loss":0.37838825583457947,"final_loss":0.37838825583457947,"_timestamp":1.7545119389963362e+09,"_step":15,"epoch":14,"batch_size":2}