{"_step":7,"batch_size":18,"epoch":6,"_timestamp":1.7545358171233509e+09,"learning_rate":1.649918130021498e-08,"final_loss":0.2869222164154053,"_wandb":{"runtime":1321},"_runtime":1321,"loss":0.2869222164154053}