{"_runtime":1186,"batch_size":18,"_step":7,"epoch":6,"final_loss":0.23961375653743744,"_timestamp":1.7545370073058002e+09,"_wandb":{"runtime":1186},"learning_rate":1.7959288713256003e-08,"loss":0.23961375653743744}