{"_timestamp":1.754542325801277e+09,"_wandb":{"runtime":1153},"epoch":6,"loss":0.23208706080913544,"_runtime":1153,"learning_rate":1.7373949613640342e-08,"_step":7,"batch_size":18,"final_loss":0.23208706080913544}