{"learning_rate":1.558843060770734e-08,"_runtime":309,"final_loss":0.3295873701572418,"batch_size":2,"_wandb":{"runtime":309},"_step":15,"epoch":14,"loss":0.3295873701572418,"_timestamp":1.7545010028129115e+09}