{"loss":0.2421789914369583,"_wandb":{"runtime":1200},"_runtime":1200,"_step":15,"epoch":14,"final_loss":0.2421789914369583,"batch_size":2,"_timestamp":1.7541083934088147e+09,"learning_rate":0.0002656388798681637}