{"_timestamp":1.7545033273167431e+09,"loss":0.26546260714530945,"_wandb":{"runtime":409},"_step":15,"final_loss":0.26546260714530945,"learning_rate":1.9400356037600715e-08,"batch_size":2,"_runtime":409,"epoch":14}